{
    "crunchbase": {
        "crunchbase": 1.0,
        "wipo": 0.7900466446684756,
        "cordis": 0.9513796891618121,
        "wos": 0.8999787081408221,
        "abstracts": 0.8999787081408221
    },
    "wipo": {
        "wipo": 1.0,
        "crunchbase": 0.7900466446684756,
        "cordis": 0.860284015953835,
        "wos": 0.9034167147018457,
        "abstracts": 0.9034167147018457
    },
    "cordis": {
        "cordis": 1.0,
        "crunchbase": 0.9513796891618121,
        "wipo": 0.860284015953835,
        "wos": 0.9595681406788389,
        "abstracts": 0.9595681406788389
    },
    "wos": {
        "wos": 1.0,
        "crunchbase": 0.8999787081408221,
        "wipo": 0.9034167147018457,
        "cordis": 0.9595681406788389,
        "abstracts": 1.0
    },
    "abstracts": {
        "abstracts": 1.0,
        "crunchbase": 0.8999787081408221,
        "wipo": 0.9034167147018457,
        "cordis": 0.9595681406788389,
        "wos": 1.0
    }
}